{
  "SubClassOf": 0,
  "<http://bio2rdf.org/FMA:85835>": 1,
  "<http://purl.obolibrary.org/obo/XENOPUS_ANATOMY_part_of>": 2,
  "<http://bio2rdf.org/FMA:85996>": 3,
  "<http://bio2rdf.org/FMA:85863>": 4,
  "<http://bio2rdf.org/FMA:85994>": 5,
  "<http://bio2rdf.org/FMA:85992>": 6,
  "<http://bio2rdf.org/FMA:85997>": 7,
  "<http://bio2rdf.org/FMA:85928>": 8,
  "<http://bio2rdf.org/FMA:85927>": 9,
  "<http://bio2rdf.org/FMA:85879>": 10,
  "<http://purl.obolibrary.org/obo/http_//purl.org/obo/owl:part_of>": 11,
  "<http://bio2rdf.org/FMA:85881>": 12,
  "<http://purl.obolibrary.org/obo/DEFAULT_NAMESPACE_part_of>": 13,
  "<http://purl.obolibrary.org/obo/BFO_0000050>": 14,
  "<http://bio2rdf.org/FMA:85972>": 15,
  "<http://bio2rdf.org/FMA:86004>": 16,
  "<http://bio2rdf.org/FMA:85925>": 17,
  "<http://purl.obolibrary.org/obo/uberon_continuous_with>": 18,
  "<http://bio2rdf.org/FMA:85950>": 19,
  "<http://bio2rdf.org/FMA:85868>": 20,
  "<http://purl.obolibrary.org/obo/http_//purl.org/obo/owl:DESCINHERM>": 21,
  "<http://purl.obolibrary.org/obo/ZEBRAFISH_ANATOMICAL_ONTOLOGY_part_of>": 22,
  "<http://bio2rdf.org/FMA:276360>": 23,
  "<http://bio2rdf.org/FMA:85999>": 24,
  "<http://purl.obolibrary.org/obo/XENOPUS_ANATOMY_preceded_by>": 25,
  "<http://bio2rdf.org/FMA:276393>": 26,
  "<http://bio2rdf.org/FMA:85998>": 27,
  "<http://purl.obolibrary.org/obo/RO_0002202>": 28,
  "<http://bio2rdf.org/FMA:85976>": 29,
  "<http://purl.obolibrary.org/obo/VERTEBRATE_ANATOMY_participates_in>": 30,
  "<http://bio2rdf.org/FMA:85857>": 31,
  "<http://bio2rdf.org/FMA:86000>": 32,
  "<http://bio2rdf.org/FMA:85975>": 33,
  "<http://purl.obolibrary.org/obo/http_//purl.org/obo/owl:DESCENDENTOF>": 34,
  "<http://bio2rdf.org/FMA:85830>": 35,
  "<http://bio2rdf.org/FMA:86002>": 36,
  "<http://bio2rdf.org/FMA:86001>": 37,
  "<http://purl.obolibrary.org/obo/uberon_supplies>": 38,
  "<http://bio2rdf.org/FMA:228570>": 39,
  "<http://bio2rdf.org/FMA:85945>": 40,
  "<http://bio2rdf.org/FMA:85850>": 41,
  "<http://purl.obolibrary.org/obo/XENOPUS_ANATOMY_start_stage>": 42,
  "<http://bio2rdf.org/FMA:228568>": 43,
  "<http://purl.obolibrary.org/obo/ADULT_MOUSE_ANATOMY.GXD_part_of>": 44,
  "<http://purl.obolibrary.org/obo/XENOPUS_ANATOMY_develops_from>": 45,
  "<http://bio2rdf.org/FMA:85953>": 46,
  "<http://purl.obolibrary.org/obo/ZEBRAFISH_ANATOMICAL_ONTOLOGY_develops_from>": 47,
  "<http://bio2rdf.org/FMA:85987>": 48,
  "<http://bio2rdf.org/FMA:85878>": 49,
  "<http://bio2rdf.org/FMA:85988>": 50,
  "<http://bio2rdf.org/FMA:85883>": 51,
  "<http://bio2rdf.org/FMA:85954>": 52,
  "<http://bio2rdf.org/FMA:85974>": 53,
  "<http://purl.obolibrary.org/obo/uberon_surrounds>": 54,
  "<http://bio2rdf.org/FMA:85926>": 55,
  "<http://bio2rdf.org/FMA:86003>": 56,
  "<http://bio2rdf.org/FMA:85859>": 57,
  "<http://purl.obolibrary.org/obo/uberon_adjacent_to>": 58,
  "<http://bio2rdf.org/FMA:85864>": 59,
  "<http://bio2rdf.org/FMA:85893>": 60,
  "<http://bio2rdf.org/FMA:85955>": 61,
  "<http://bio2rdf.org/FMA:281391>": 62,
  "<http://bio2rdf.org/FMA:85882>": 63,
  "<http://purl.obolibrary.org/obo/uberon_replaces>": 64,
  "<http://bio2rdf.org/FMA:281392>": 65,
  "<http://bio2rdf.org/FMA:276397>": 66,
  "<http://purl.obolibrary.org/obo/uberon_surrounded_by>": 67,
  "<http://purl.obolibrary.org/obo/http_//purl.org/obo/owl:DESCINMALE>": 68,
  "<http://bio2rdf.org/FMA:276361>": 69,
  "<http://purl.obolibrary.org/obo/AMPHIBANAT_part_of>": 70,
  "<http://purl.obolibrary.org/obo/BFO_0000051>": 71,
  "<http://purl.obolibrary.org/obo/XENOPUS_ANATOMY_end_stage>": 72,
  "<http://purl.obolibrary.org/obo/uberon_anterior_to>": 73,
  "<http://bio2rdf.org/FMA:85843>": 74,
  "<http://purl.obolibrary.org/obo/uberon_existence_starts_and_ends_during>": 75,
  "<http://purl.obolibrary.org/obo/VERTEBRATE_ANATOMY_develops_from>": 76,
  "<http://bio2rdf.org/FMA:85860>": 77,
  "<http://bio2rdf.org/FMA:85831>": 78,
  "<http://bio2rdf.org/FMA:276391>": 79,
  "<http://purl.obolibrary.org/obo/uberon_secretes>": 80,
  "<http://purl.obolibrary.org/obo/OBO_REL_transformation_of>": 81,
  "<http://purl.obolibrary.org/obo/OBO_REL_part_of>": 82,
  "<http://bio2rdf.org/FMA:276452>": 83,
  "<http://purl.obolibrary.org/obo/VERTEBRATE_ANATOMY_produces>": 84,
  "<http://bio2rdf.org/FMA:85952>": 85,
  "<http://purl.obolibrary.org/obo/uberon_develops_into>": 86,
  "<http://bio2rdf.org/FMA:229553>": 87,
  "<http://bio2rdf.org/FMA:276358>": 88,
  "<http://purl.obolibrary.org/obo/uberon_in_right_side_of>": 89,
  "<http://purl.obolibrary.org/obo/http_//purl.org/obo/owl:develops_from>": 90,
  "<http://purl.obolibrary.org/obo/uberon_dorsal_to>": 91,
  "<http://purl.obolibrary.org/obo/uberon_existence_ends_with>": 92,
  "<http://bio2rdf.org/FMA:85848>": 93,
  "<http://purl.obolibrary.org/obo/uberon_in_left_side_of>": 94,
  "<http://bio2rdf.org/FMA:276359>": 95,
  "<http://purl.obolibrary.org/obo/uberon_branch_of>": 96,
  "<http://purl.obolibrary.org/obo/uberon_secreted_by>": 97,
  "<http://purl.obolibrary.org/obo/uberon_existence_starts_with>": 98,
  "<http://bio2rdf.org/FMA:85888>": 99,
  "<http://purl.obolibrary.org/obo/uberon_induced_by>": 100,
  "<http://bio2rdf.org/FMA:85973>": 101,
  "<http://purl.obolibrary.org/obo/VERTEBRATE_ANATOMY_has_location>": 102,
  "<http://bio2rdf.org/FMA:85877>": 103,
  "<http://purl.obolibrary.org/obo/OBO_REL_integral_part_of>": 104,
  "<http://purl.obolibrary.org/obo/RO_0002131>": 105,
  "<http://bio2rdf.org/FMA:85989>": 106,
  "<http://bio2rdf.org/FMA:85924>": 107,
  "<http://purl.obolibrary.org/obo/uberon_location_of>": 108,
  "<http://bio2rdf.org/FMA:85921>": 109,
  "<http://bio2rdf.org/FMA:85922>": 110,
  "<http://purl.obolibrary.org/obo/uberon_attached_to>": 111,
  "<http://bio2rdf.org/FMA:85977>": 112,
  "<http://purl.obolibrary.org/obo/OBO_REL_has_part>": 113,
  "<http://bio2rdf.org/FMA:85957>": 114,
  "<http://bio2rdf.org/FMA:85956>": 115,
  "<http://purl.obolibrary.org/obo/uberon_systemic_part_of>": 116,
  "<http://bio2rdf.org/FMA:85995>": 117,
  "<http://bio2rdf.org/FMA:229557>": 118,
  "<http://bio2rdf.org/FMA:85886>": 119,
  "<http://bio2rdf.org/FMA:85887>": 120,
  "<http://purl.obolibrary.org/obo/uberon_ventral_to>": 121,
  "<http://purl.obolibrary.org/obo/VERTEBRATE_ANATOMY_develops_in>": 122,
  "<http://purl.obolibrary.org/obo/uberon_preceded_by>": 123,
  "<http://bio2rdf.org/FMA:85876>": 124,
  "<http://purl.obolibrary.org/obo/uberon_encloses>": 125,
  "<http://purl.obolibrary.org/obo/uberon_directly_preceded_by>": 126,
  "<http://purl.obolibrary.org/obo/uberon_finishes>": 127,
  "<http://purl.obolibrary.org/obo/uberon_starts>": 128,
  "<http://purl.obolibrary.org/obo/DEFAULT_NAMESPACE_develops_from>": 129,
  "<http://purl.obolibrary.org/obo/uberon_has_end>": 130,
  "<http://purl.obolibrary.org/obo/uberon_proximal_to>": 131,
  "<http://purl.obolibrary.org/obo/uberon_distal_to>": 132,
  "<http://purl.obolibrary.org/obo/uberon_connects>": 133,
  "<http://bio2rdf.org/FMA:85905>": 134,
  "<http://bio2rdf.org/FMA:276400>": 135,
  "<http://purl.obolibrary.org/obo/VERTEBRATE_ANATOMY_overlies>": 136,
  "<http://bio2rdf.org/FMA:85949>": 137,
  "<http://purl.obolibrary.org/obo/uberon_has_start>": 138,
  "<http://bio2rdf.org/FMA:85910>": 139,
  "<http://bio2rdf.org/FMA:85948>": 140,
  "<http://purl.obolibrary.org/obo/uberon_transports>": 141,
  "<http://purl.obolibrary.org/obo/uberon_bounds>": 142,
  "<http://purl.obolibrary.org/obo/uberon_in_distal_side_of>": 143,
  "<http://purl.obolibrary.org/obo/uberon_in_proximal_side_of>": 144,
  "<http://bio2rdf.org/FMA:228567>": 145,
  "<http://bio2rdf.org/FMA:85871>": 146,
  "<http://bio2rdf.org/FMA:228571>": 147,
  "<http://bio2rdf.org/FMA:228569>": 148,
  "<http://purl.obolibrary.org/obo/uberon_immediately_deep_to>": 149,
  "<http://purl.obolibrary.org/obo/ZEBRAFISH_ANATOMICAL_ONTOLOGY_end>": 150,
  "<http://bio2rdf.org/FMA:85990>": 151,
  "<http://purl.obolibrary.org/obo/ZEBRAFISH_ANATOMICAL_ONTOLOGY_start>": 152,
  "<http://purl.obolibrary.org/obo/BFO_0000068>": 153,
  "<http://bio2rdf.org/FMA:85906>": 154,
  "<http://purl.obolibrary.org/obo/VERTEBRATE_ANATOMY_has_quality>": 155,
  "<http://purl.obolibrary.org/obo/VERTEBRATE_ANATOMY_capable_of_producing>": 156,
  "owl:topObjectProperty": 157,
  "<http://purl.obolibrary.org/obo/uberon_exists_during>": 158,
  "<http://purl.obolibrary.org/obo/uberon_existence_starts_after>": 159,
  "<http://purl.obolibrary.org/obo/uberon_capable_of_regulation_of>": 160,
  "<http://purl.obolibrary.org/obo/uberon_deep_to>": 161,
  "<http://purl.obolibrary.org/obo/uberon_start_of>": 162,
  "<http://purl.obolibrary.org/obo/uberon_never_in_taxon>": 163,
  "<http://purl.obolibrary.org/obo/uberon_only_in_taxon>": 164,
  "<http://purl.obolibrary.org/obo/BFO_0000056>": 165,
  "<http://purl.obolibrary.org/obo/BFO_0000053>": 166,
  "<http://purl.obolibrary.org/obo/uberon_output_of>": 167,
  "<http://purl.obolibrary.org/obo/uberon_capable_of>": 168,
  "<http://purl.obolibrary.org/obo/uberon_precedes>": 169,
  "<http://purl.obolibrary.org/obo/BFO_0000054>": 170,
  "<http://purl.obolibrary.org/obo/uberon_has_function_in>": 171,
  "<http://purl.obolibrary.org/obo/uberon_capable_of_part_of>": 172,
  "<http://purl.obolibrary.org/obo/uberon_existence_starts_or_ends_during>": 173,
  "<http://purl.obolibrary.org/obo/uberon_separated_from_by>": 174,
  "<http://purl.obolibrary.org/obo/uberon_existence_starts_at>": 175,
  "<http://purl.obolibrary.org/obo/uberon_existence_ends_before>": 176,
  "<http://purl.obolibrary.org/obo/uberon_has_quality>": 177,
  "<http://purl.obolibrary.org/obo/uberon_regulates>": 178,
  "<http://purl.obolibrary.org/obo/uberon_site_of>": 179,
  "<http://purl.obolibrary.org/obo/uberon_end_of>": 180,
  "<http://purl.obolibrary.org/obo/uberon_existence_ends_at>": 181,
  "<http://purl.obolibrary.org/obo/OBO_REL_has_integral_part>": 182,
  "<http://purl.obolibrary.org/obo/AMPHIBANAT_develops_from>": 183,
  "<http://purl.obolibrary.org/obo/BFO_0000069>": 184,
  "<http://bio2rdf.org/FMA:276454>": 185,
  "<http://bio2rdf.org/FMA:276453>": 186,
  "<http://purl.obolibrary.org/obo/uberon_coincides_with>": 187
}