{
  "SubClassOf": 0,
  "<http://www.co-ode.org/ontologies/galen#hasStructuralComponent>": 1,
  "<http://www.co-ode.org/ontologies/galen#isImmediateConsequenceOf>": 2,
  "<http://www.co-ode.org/ontologies/galen#hasAppropriateness>": 3,
  "<http://www.co-ode.org/ontologies/galen#isFunctionOf>": 4,
  "<http://www.co-ode.org/ontologies/galen#hasPathologicalStatus>": 5,
  "<http://www.co-ode.org/ontologies/galen#hasAbsoluteState>": 6,
  "<http://www.co-ode.org/ontologies/galen#hasQuantity>": 7,
  "<http://www.co-ode.org/ontologies/galen#hasSpecificLocation>": 8,
  "<http://www.co-ode.org/ontologies/galen#isStructuralComponentOf>": 9,
  "<http://www.co-ode.org/ontologies/galen#isExistenceOf>": 10,
  "<http://www.co-ode.org/ontologies/galen#actsSpecificallyOn>": 11,
  "<http://www.co-ode.org/ontologies/galen#isToDetermine>": 12,
  "<http://www.co-ode.org/ontologies/galen#hasUniqueAssociatedStructure>": 13,
  "<http://www.co-ode.org/ontologies/galen#hasChemicalSubgroup>": 14,
  "<http://www.co-ode.org/ontologies/galen#isPartitiveConnectionOf>": 15,
  "<http://www.co-ode.org/ontologies/galen#hasBetaConnection>": 16,
  "<http://www.co-ode.org/ontologies/galen#hasAbnormalityStatus>": 17,
  "<http://www.co-ode.org/ontologies/galen#hasLeftRightSelector>": 18,
  "<http://www.co-ode.org/ontologies/galen#playsConsultationRole>": 19,
  "<http://www.co-ode.org/ontologies/galen#hasMedialLateralSelector>": 20,
  "<http://www.co-ode.org/ontologies/galen#hasFunction>": 21,
  "<http://www.co-ode.org/ontologies/galen#isStrengthOf>": 22,
  "<http://www.co-ode.org/ontologies/galen#isAlphaConnectionOf>": 23,
  "<http://www.co-ode.org/ontologies/galen#hasMagnitude>": 24,
  "<http://www.co-ode.org/ontologies/galen#isAnswerOf>": 25,
  "<http://www.co-ode.org/ontologies/galen#serves>": 26,
  "<http://www.co-ode.org/ontologies/galen#isSpecificStructuralComponentOf>": 27,
  "<http://www.co-ode.org/ontologies/galen#isActedOnBy>": 28,
  "<http://www.co-ode.org/ontologies/galen#IsDivisionOf>": 29,
  "<http://www.co-ode.org/ontologies/galen#isConsequenceOf>": 30,
  "<http://www.co-ode.org/ontologies/galen#hasSpecificStructuralComponent>": 31,
  "<http://www.co-ode.org/ontologies/galen#playsClinicalRole>": 32,
  "<http://www.co-ode.org/ontologies/galen#isDisplacementFrom>": 33,
  "<http://www.co-ode.org/ontologies/galen#hasUpperLowerSelector>": 34,
  "<http://www.co-ode.org/ontologies/galen#isSpecificSolidDivisionOf>": 35,
  "<http://www.co-ode.org/ontologies/galen#isTemperatureOf>": 36,
  "<http://www.co-ode.org/ontologies/galen#isActedOnSpecificallyBy>": 37,
  "<http://www.co-ode.org/ontologies/galen#hasSpecificFunction>": 38,
  "<http://www.co-ode.org/ontologies/galen#isPositionedProximalTo>": 39,
  "<http://www.co-ode.org/ontologies/galen#hasRadioluscence>": 40,
  "<http://www.co-ode.org/ontologies/galen#playsPhysiologicalRole>": 41,
  "<http://www.co-ode.org/ontologies/galen#hasAcquisitionMode>": 42,
  "<http://www.co-ode.org/ontologies/galen#hasAge>": 43,
  "<http://www.co-ode.org/ontologies/galen#hasSyndromeElement>": 44,
  "<http://www.co-ode.org/ontologies/galen#isLinearDivisionOf>": 45,
  "<http://www.co-ode.org/ontologies/galen#hasDiseaseProcessExtent>": 46,
  "<http://www.co-ode.org/ontologies/galen#hasSpecificConsequence>": 47,
  "<http://www.co-ode.org/ontologies/galen#LocativeAttribute>": 48,
  "<http://www.co-ode.org/ontologies/galen#isLocativelyContainedIn>": 49,
  "<http://www.co-ode.org/ontologies/galen#hasDuration>": 50,
  "<http://www.co-ode.org/ontologies/galen#isPositionedSuperficialTo>": 51,
  "<http://www.co-ode.org/ontologies/galen#hasSpecificProximity>": 52,
  "<http://www.co-ode.org/ontologies/galen#hasIntentionality>": 53,
  "<http://www.co-ode.org/ontologies/galen#hasProximity>": 54,
  "<http://www.co-ode.org/ontologies/galen#hasSpecificImmediateComplication>": 55,
  "<http://www.co-ode.org/ontologies/galen#isSpecificallyMadeOf>": 56,
  "<http://www.co-ode.org/ontologies/galen#isSpecificFunctionOf>": 57,
  "<http://www.co-ode.org/ontologies/galen#hasUniqueAssociatedProcess>": 58,
  "<http://www.co-ode.org/ontologies/galen#hasBranch>": 59,
  "<http://www.co-ode.org/ontologies/galen#isSpecificImmediateConsequenceOf>": 60,
  "<http://www.co-ode.org/ontologies/galen#isSurfaceDivisionOf>": 61,
  "<http://www.co-ode.org/ontologies/galen#isLayerOf>": 62,
  "<http://www.co-ode.org/ontologies/galen#isSpecificSurfaceDivisionOf>": 63,
  "<http://www.co-ode.org/ontologies/galen#isBetaConnectionOf>": 64,
  "<http://www.co-ode.org/ontologies/galen#hasSurfaceVisibility>": 65,
  "<http://www.co-ode.org/ontologies/galen#hasChangeInState>": 66,
  "<http://www.co-ode.org/ontologies/galen#hasLocation>": 67,
  "<http://www.co-ode.org/ontologies/galen#actsOn>": 68,
  "<http://www.co-ode.org/ontologies/galen#hasUniqueAssociatedDisplacement>": 69,
  "<http://www.co-ode.org/ontologies/galen#isPairedOrUnpaired>": 70,
  "<http://www.co-ode.org/ontologies/galen#hasSpecificSolidDivision>": 71,
  "<http://www.co-ode.org/ontologies/galen#boundsSpace>": 72,
  "<http://www.co-ode.org/ontologies/galen#isSolidDivisionOf>": 73,
  "<http://www.co-ode.org/ontologies/galen#nonPartitivelyContains>": 74,
  "<http://www.co-ode.org/ontologies/galen#playsNumericalRole>": 75,
  "<http://www.co-ode.org/ontologies/galen#isSpecificLayerOf>": 76,
  "<http://www.co-ode.org/ontologies/galen#isServedBy>": 77,
  "<http://www.co-ode.org/ontologies/galen#isBranchOf>": 78,
  "<http://www.co-ode.org/ontologies/galen#hasEffectiveness>": 79,
  "<http://www.co-ode.org/ontologies/galen#isSpaceDefinedBy>": 80,
  "<http://www.co-ode.org/ontologies/galen#partitivelyContains>": 81,
  "<http://www.co-ode.org/ontologies/galen#hasBilateralUnilateralSelector>": 82,
  "<http://www.co-ode.org/ontologies/galen#hasOrdinalPosition>": 83,
  "<http://www.co-ode.org/ontologies/galen#isConcentrationOf>": 84,
  "<http://www.co-ode.org/ontologies/galen#HasDivision>": 85,
  "<http://www.co-ode.org/ontologies/galen#hasImmediacy>": 86,
  "<http://www.co-ode.org/ontologies/galen#hasChronicity>": 87,
  "<http://www.co-ode.org/ontologies/galen#hasDonorOrigin>": 88,
  "<http://www.co-ode.org/ontologies/galen#isBetaPartitiveConnectionOf>": 89,
  "<http://www.co-ode.org/ontologies/galen#hasSuperiorInferiorSelector>": 90,
  "<http://www.co-ode.org/ontologies/galen#hasIntrinsicAbnormalityStatus>": 91,
  "<http://www.co-ode.org/ontologies/galen#hasPhysicalPresentation>": 92,
  "<http://www.co-ode.org/ontologies/galen#isAlphaPartitiveConnectionOf>": 93,
  "<http://www.co-ode.org/ontologies/galen#isMixedThroughout>": 94,
  "<http://www.co-ode.org/ontologies/galen#isSpecificConsequenceOf>": 95,
  "<http://www.co-ode.org/ontologies/galen#isWithReferenceTo>": 96,
  "<http://www.co-ode.org/ontologies/galen#isSpecificLinearDivisionOf>": 97,
  "<http://www.co-ode.org/ontologies/galen#hasTopology>": 98,
  "<http://www.co-ode.org/ontologies/galen#hasShapeAnalagousTo>": 99,
  "<http://www.co-ode.org/ontologies/galen#isHistoryOf>": 100,
  "<http://www.co-ode.org/ontologies/galen#hasAlphaConnection>": 101,
  "<http://www.co-ode.org/ontologies/galen#hasTemporalPattern>": 102,
  "<http://www.co-ode.org/ontologies/galen#hasSpecificLayer>": 103,
  "<http://www.co-ode.org/ontologies/galen#isSpecificLocationOf>": 104,
  "<http://www.co-ode.org/ontologies/galen#hasSurfaceDivision>": 105,
  "<http://www.co-ode.org/ontologies/galen#isPhysicalMeansOf>": 106,
  "<http://www.co-ode.org/ontologies/galen#isSpecificPhysicalMeansOf>": 107,
  "<http://www.co-ode.org/ontologies/galen#hasAnswer>": 108,
  "<http://www.co-ode.org/ontologies/galen#hasCellMorphology>": 109,
  "<http://www.co-ode.org/ontologies/galen#hasSubprocess>": 110,
  "<http://www.co-ode.org/ontologies/galen#hasPhenotypicalSex>": 111,
  "<http://www.co-ode.org/ontologies/galen#hasProcessActivity>": 112,
  "<http://www.co-ode.org/ontologies/galen#hasAssertedDiseaseClass>": 113,
  "<http://www.co-ode.org/ontologies/galen#isSymptomOf>": 114,
  "<http://www.co-ode.org/ontologies/galen#isMassOf>": 115,
  "<http://www.co-ode.org/ontologies/galen#InverseContainmentAttribute>": 116,
  "<http://www.co-ode.org/ontologies/galen#hasPalpability>": 117,
  "<http://www.co-ode.org/ontologies/galen#occursDuring>": 118,
  "<http://www.co-ode.org/ontologies/galen#isVolumeOf>": 119,
  "<http://www.co-ode.org/ontologies/galen#isRangeOf>": 120,
  "<http://www.co-ode.org/ontologies/galen#hasPhysicalState>": 121,
  "<http://www.co-ode.org/ontologies/galen#isFeatureOf>": 122,
  "<http://www.co-ode.org/ontologies/galen#hasColour>": 123,
  "<http://www.co-ode.org/ontologies/galen#hasConsequence>": 124,
  "<http://www.co-ode.org/ontologies/galen#specificallyServes>": 125,
  "<http://www.co-ode.org/ontologies/galen#isPositionedDistalTo>": 126,
  "<http://www.co-ode.org/ontologies/galen#isNonPartitivelyContainedIn>": 127,
  "<http://www.co-ode.org/ontologies/galen#isFrequencyOf>": 128,
  "<http://www.co-ode.org/ontologies/galen#hasSolidDivision>": 129,
  "<http://www.co-ode.org/ontologies/galen#hasEctopicSupernumeraryStatus>": 130,
  "<http://www.co-ode.org/ontologies/galen#playsSocialRole>": 131,
  "<http://www.co-ode.org/ontologies/galen#isLengthOf>": 132,
  "<http://www.co-ode.org/ontologies/galen#isSpecificallyNonPartitivelyContainedIn>": 133,
  "<http://www.co-ode.org/ontologies/galen#hasFractureComplexity>": 134,
  "<http://www.co-ode.org/ontologies/galen#isDiameterOf>": 135,
  "<http://www.co-ode.org/ontologies/galen#isMadeOf>": 136,
  "<http://www.co-ode.org/ontologies/galen#hasStructuralExtent>": 137,
  "<http://www.co-ode.org/ontologies/galen#hasColinearityWith>": 138,
  "<http://www.co-ode.org/ontologies/galen#hasIntrauterineBodyPosition>": 139,
  "<http://www.co-ode.org/ontologies/galen#hasRelationshipToWhole>": 140,
  "<http://www.co-ode.org/ontologies/galen#hasTumourHistology>": 141,
  "<http://www.co-ode.org/ontologies/galen#passesThrough>": 142,
  "<http://www.co-ode.org/ontologies/galen#hasSpecificImmediateConsequence>": 143,
  "<http://www.co-ode.org/ontologies/galen#isSpaceBoundedBy>": 144,
  "<http://www.co-ode.org/ontologies/galen#hasProximalDistalSelector>": 145,
  "<http://www.co-ode.org/ontologies/galen#isSubprocessOf>": 146,
  "<http://www.co-ode.org/ontologies/galen#isCountConcentrationOf>": 147,
  "<http://www.co-ode.org/ontologies/galen#specificallyPartitivelyContains>": 148,
  "<http://www.co-ode.org/ontologies/galen#isSyndromeElementOf>": 149,
  "<http://www.co-ode.org/ontologies/galen#hasTimingAppropriateness>": 150,
  "<http://www.co-ode.org/ontologies/galen#isPositionedPosteriorTo>": 151,
  "<http://www.co-ode.org/ontologies/galen#hasLinearDivision>": 152,
  "<http://www.co-ode.org/ontologies/galen#hasSpecificLinearDivision>": 153,
  "<http://www.co-ode.org/ontologies/galen#hasKnowledgeStatus>": 154,
  "<http://www.co-ode.org/ontologies/galen#isScopeOf>": 155,
  "<http://www.co-ode.org/ontologies/galen#isSpecificallyServedBy>": 156,
  "<http://www.co-ode.org/ontologies/galen#hasCompleteness>": 157,
  "<http://www.co-ode.org/ontologies/galen#hasSuperficialDeepSelector>": 158,
  "<http://www.co-ode.org/ontologies/galen#hasTreatmentStatus>": 159,
  "<http://www.co-ode.org/ontologies/galen#hasIntrinsicPathologicalStatus>": 160,
  "<http://www.co-ode.org/ontologies/galen#isColourOf>": 161,
  "<http://www.co-ode.org/ontologies/galen#hasBetaPartitiveConnection>": 162,
  "<http://www.co-ode.org/ontologies/galen#hasInvestigationResultStatus>": 163,
  "<http://www.co-ode.org/ontologies/galen#hasDistribution>": 164,
  "<http://www.co-ode.org/ontologies/galen#isSizeOf>": 165,
  "<http://www.co-ode.org/ontologies/galen#isPositionedDeepTo>": 166,
  "<http://www.co-ode.org/ontologies/galen#isInSuspensionWithin>": 167,
  "<http://www.co-ode.org/ontologies/galen#isPositionedBelow>": 168,
  "<http://www.co-ode.org/ontologies/galen#specificallyNonPartitivelyContains>": 169,
  "<http://www.co-ode.org/ontologies/galen#hasDissolvedWithin>": 170,
  "<http://www.co-ode.org/ontologies/galen#ContainmentAttribute>": 171,
  "<http://www.co-ode.org/ontologies/galen#locativelyContains>": 172,
  "<http://www.co-ode.org/ontologies/galen#isQuantityOf>": 173,
  "<http://www.co-ode.org/ontologies/galen#isPermeabilityOf>": 174,
  "<http://www.co-ode.org/ontologies/galen#hasPhysicalMeans>": 175,
  "<http://www.co-ode.org/ontologies/galen#involvesProcess>": 176,
  "<http://www.co-ode.org/ontologies/galen#hasImplantability>": 177,
  "<http://www.co-ode.org/ontologies/galen#hasInnerOuterSelector>": 178,
  "<http://www.co-ode.org/ontologies/galen#hasImmediateConsequence>": 179,
  "<http://www.co-ode.org/ontologies/galen#hasIonisationFeature>": 180,
  "<http://www.co-ode.org/ontologies/galen#isProcessActivityOf>": 181,
  "<http://www.co-ode.org/ontologies/galen#isConnectionOf>": 182,
  "<http://www.co-ode.org/ontologies/galen#hasFunctionalComponent>": 183,
  "<http://www.co-ode.org/ontologies/galen#hasMetastaticStatus>": 184,
  "<http://www.co-ode.org/ontologies/galen#hasInternalExternalSelector>": 185,
  "<http://www.co-ode.org/ontologies/galen#makesUp>": 186,
  "<http://www.co-ode.org/ontologies/galen#hasEpithelialLayering>": 187,
  "<http://www.co-ode.org/ontologies/galen#hasAnteriorPosteriorSelector>": 188,
  "<http://www.co-ode.org/ontologies/galen#isFunctionalComponentOf>": 189,
  "<http://www.co-ode.org/ontologies/galen#isDisplacementTo>": 190,
  "<http://www.co-ode.org/ontologies/galen#isMultipleOf>": 191,
  "<http://www.co-ode.org/ontologies/galen#hasRigidity>": 192,
  "<http://www.co-ode.org/ontologies/galen#hasSpecificPhysicalMeans>": 193,
  "<http://www.co-ode.org/ontologies/galen#hasSignalAmplitude>": 194,
  "<http://www.co-ode.org/ontologies/galen#hasSurgicalExtent>": 195,
  "<http://www.co-ode.org/ontologies/galen#follows>": 196,
  "<http://www.co-ode.org/ontologies/galen#hasVolume>": 197,
  "<http://www.co-ode.org/ontologies/galen#isMainlyCharacterisedBy>": 198,
  "<http://www.co-ode.org/ontologies/galen#isDivergentWith>": 199,
  "<http://www.co-ode.org/ontologies/galen#hasDorsalVentralSelector>": 200,
  "<http://www.co-ode.org/ontologies/galen#isDissolvedWithin>": 201,
  "<http://www.co-ode.org/ontologies/galen#hasShape>": 202,
  "<http://www.co-ode.org/ontologies/galen#hasPatency>": 203,
  "<http://www.co-ode.org/ontologies/galen#hasSpecificSubprocess>": 204,
  "<http://www.co-ode.org/ontologies/galen#isNonCausallyLinkedTo>": 205,
  "<http://www.co-ode.org/ontologies/galen#isSpecificPhaseOf>": 206,
  "<http://www.co-ode.org/ontologies/galen#hasPowerSource>": 207,
  "<http://www.co-ode.org/ontologies/galen#hasMultipleLocation>": 208,
  "<http://www.co-ode.org/ontologies/galen#hasTreatmentTractability>": 209,
  "<http://www.co-ode.org/ontologies/galen#connects>": 210,
  "<http://www.co-ode.org/ontologies/galen#specificallyMakesUp>": 211,
  "<http://www.co-ode.org/ontologies/galen#isSymptomCharacterOf>": 212,
  "<http://www.co-ode.org/ontologies/galen#isPositionedInferiorTo>": 213,
  "<http://www.co-ode.org/ontologies/galen#isSignalFrequencyOf>": 214,
  "<http://www.co-ode.org/ontologies/galen#isEtaConnectionOf>": 215,
  "<http://www.co-ode.org/ontologies/galen#hasLayer>": 216,
  "<http://www.co-ode.org/ontologies/galen#hasOverlappingStatus>": 217,
  "<http://www.co-ode.org/ontologies/galen#hasSpecificGoal>": 218,
  "<http://www.co-ode.org/ontologies/galen#hasScope>": 219,
  "<http://www.co-ode.org/ontologies/galen#hasMajorMinorSelector>": 220,
  "<http://www.co-ode.org/ontologies/galen#hasCountability>": 221,
  "<http://www.co-ode.org/ontologies/galen#definesSpace>": 222,
  "<http://www.co-ode.org/ontologies/galen#hasDominance>": 223,
  "<http://www.co-ode.org/ontologies/galen#isCellMorphologyOf>": 224,
  "<http://www.co-ode.org/ontologies/galen#isToughnessOf>": 225,
  "<http://www.co-ode.org/ontologies/galen#hasSymptomCharacter>": 226,
  "<http://www.co-ode.org/ontologies/galen#isGammaConnectionOf>": 227,
  "<http://www.co-ode.org/ontologies/galen#hasSeverity>": 228,
  "<http://www.co-ode.org/ontologies/galen#isPositionedSuperiorTo>": 229,
  "<http://www.co-ode.org/ontologies/galen#hasDiameter>": 230,
  "<http://www.co-ode.org/ontologies/galen#hasClinicalAppearance>": 231,
  "<http://www.co-ode.org/ontologies/galen#hasSpecificPhase>": 232,
  "<http://www.co-ode.org/ontologies/galen#hasEpithelialCiliation>": 233,
  "<http://www.co-ode.org/ontologies/galen#hasChemicalProcessType>": 234,
  "<http://www.co-ode.org/ontologies/galen#isQualityOf>": 235,
  "<http://www.co-ode.org/ontologies/galen#hasSpeed>": 236,
  "<http://www.co-ode.org/ontologies/galen#hasDrugFeature>": 237,
  "<http://www.co-ode.org/ontologies/galen#isDeltaConnectionOf>": 238,
  "<http://www.co-ode.org/ontologies/galen#hasUnit>": 239,
  "<http://www.co-ode.org/ontologies/galen#hasSpecificSurfaceDivision>": 240,
  "<http://www.co-ode.org/ontologies/galen#isSpecificAnswerOf>": 241,
  "<http://www.co-ode.org/ontologies/galen#hasMass>": 242,
  "<http://www.co-ode.org/ontologies/galen#hasTasteFeature>": 243,
  "<http://www.co-ode.org/ontologies/galen#isDrynessOf>": 244,
  "<http://www.co-ode.org/ontologies/galen#isOdourOf>": 245,
  "<http://www.co-ode.org/ontologies/galen#isLocationOf>": 246,
  "<http://www.co-ode.org/ontologies/galen#hasAlphaPartitiveConnection>": 247,
  "<http://www.co-ode.org/ontologies/galen#hasSquintConcomitance>": 248,
  "<http://www.co-ode.org/ontologies/galen#hasFeature>": 249,
  "<http://www.co-ode.org/ontologies/galen#hasPersonalityType>": 250,
  "<http://www.co-ode.org/ontologies/galen#hasAnteroRetrogradeSelector>": 251,
  "<http://www.co-ode.org/ontologies/galen#isEnactmentOf>": 252,
  "<http://www.co-ode.org/ontologies/galen#hasTimeOfOccurrence>": 253,
  "<http://www.co-ode.org/ontologies/galen#isCausallyLinkedTo>": 254,
  "<http://www.co-ode.org/ontologies/galen#hasSolubility>": 255,
  "<http://www.co-ode.org/ontologies/galen#hasTemperature>": 256,
  "<http://www.co-ode.org/ontologies/galen#hasPartitiveConnection>": 257,
  "<http://www.co-ode.org/ontologies/galen#hasGeneticZygocity>": 258,
  "<http://www.co-ode.org/ontologies/galen#hasSkullFractureType>": 259,
  "<http://www.co-ode.org/ontologies/galen#hasUsefulness>": 260,
  "<http://www.co-ode.org/ontologies/galen#isTemporalPatternOf>": 261,
  "<http://www.co-ode.org/ontologies/galen#StatusAttribute>": 262,
  "<http://www.co-ode.org/ontologies/galen#isSynchronicityOf>": 263,
  "<http://www.co-ode.org/ontologies/galen#hasCoherence>": 264,
  "<http://www.co-ode.org/ontologies/galen#hasQuality>": 265,
  "<http://www.co-ode.org/ontologies/galen#hasDimension>": 266,
  "<http://www.co-ode.org/ontologies/galen#hasDiseaseCourseStage>": 267,
  "<http://www.co-ode.org/ontologies/galen#hasUrgency>": 268,
  "<http://www.co-ode.org/ontologies/galen#isEnergyAmountOf>": 269,
  "<http://www.co-ode.org/ontologies/galen#hasSurgicalOpenClosedness>": 270,
  "<http://www.co-ode.org/ontologies/galen#hasSpontaneity>": 271,
  "<http://www.co-ode.org/ontologies/galen#isConsistencyOf>": 272,
  "<http://www.co-ode.org/ontologies/galen#hasSpecificPersonPerforming>": 273,
  "<http://www.co-ode.org/ontologies/galen#hasLongBoneFractureType>": 274,
  "<http://www.co-ode.org/ontologies/galen#isPartitivelyContainedIn>": 275,
  "<http://www.co-ode.org/ontologies/galen#isBodyPositionOf>": 276,
  "<http://www.co-ode.org/ontologies/galen#hasExistence>": 277,
  "<http://www.co-ode.org/ontologies/galen#isSpecificallyToDetermine>": 278,
  "<http://www.co-ode.org/ontologies/galen#isCompositeWithComponent>": 279,
  "<http://www.co-ode.org/ontologies/galen#hasContextOfUse>": 280,
  "<http://www.co-ode.org/ontologies/galen#isConvergentWith>": 281,
  "<http://www.co-ode.org/ontologies/galen#isVerticalDepthOf>": 282,
  "<http://www.co-ode.org/ontologies/galen#isPressureOf>": 283,
  "<http://www.co-ode.org/ontologies/galen#isNotParallelTo>": 284,
  "<http://www.co-ode.org/ontologies/galen#isSpecificLateConsequenceOf>": 285,
  "<http://www.co-ode.org/ontologies/galen#isDeterminedBy>": 286,
  "<http://www.co-ode.org/ontologies/galen#isSpecificFunctionalComponentOf>": 287,
  "<http://www.co-ode.org/ontologies/galen#isSoundTimbreOf>": 288,
  "<http://www.co-ode.org/ontologies/galen#hasUsualReporter>": 289,
  "<http://www.co-ode.org/ontologies/galen#hasOcclusalNonOcclusalSelector>": 290,
  "<http://www.co-ode.org/ontologies/galen#isCharacterisedBy>": 291,
  "<http://www.co-ode.org/ontologies/galen#isFollowedBy>": 292,
  "<http://www.co-ode.org/ontologies/galen#hasOdour>": 293,
  "<http://www.co-ode.org/ontologies/galen#hasVisceralParietalSelector>": 294,
  "<http://www.co-ode.org/ontologies/galen#hasGoal>": 295,
  "<http://www.co-ode.org/ontologies/galen#hasIngredient>": 296,
  "<http://www.co-ode.org/ontologies/galen#hasNodularity>": 297,
  "<http://www.co-ode.org/ontologies/galen#hasExpectedLevelState>": 298,
  "<http://www.co-ode.org/ontologies/galen#hasTrendInState>": 299,
  "<http://www.co-ode.org/ontologies/galen#isPositionedLateralTo>": 300,
  "<http://www.co-ode.org/ontologies/galen#isGammaPartitiveConnectionOf>": 301,
  "<http://www.co-ode.org/ontologies/galen#isPositionedAbove>": 302,
  "<http://www.co-ode.org/ontologies/galen#hasDryness>": 303,
  "<http://www.co-ode.org/ontologies/galen#hasSize>": 304,
  "<http://www.co-ode.org/ontologies/galen#hasReversibility>": 305,
  "<http://www.co-ode.org/ontologies/galen#hasMixedThroughout>": 306,
  "<http://www.co-ode.org/ontologies/galen#isCapabilityOf>": 307,
  "<http://www.co-ode.org/ontologies/galen#hasPersonPerforming>": 308,
  "<http://www.co-ode.org/ontologies/galen#isSpeedOf>": 309,
  "<http://www.co-ode.org/ontologies/galen#isEpsilonConnectionOf>": 310,
  "<http://www.co-ode.org/ontologies/galen#hasDirectionOfTransport>": 311,
  "<http://www.co-ode.org/ontologies/galen#isLateConsequenceOf>": 312,
  "<http://www.co-ode.org/ontologies/galen#hasConfidenceLevelStatus>": 313,
  "<http://www.co-ode.org/ontologies/galen#isDurationOf>": 314,
  "<http://www.co-ode.org/ontologies/galen#isRigidityOf>": 315,
  "<http://www.co-ode.org/ontologies/galen#isBlindPouchDivisionOf>": 316,
  "<http://www.co-ode.org/ontologies/galen#isPigmentationOf>": 317,
  "<http://www.co-ode.org/ontologies/galen#isSpecificallyPartitivelyContainedIn>": 318,
  "<http://www.co-ode.org/ontologies/galen#hasPresenceAbsence>": 319,
  "<http://www.co-ode.org/ontologies/galen#hasClinicalSpeciality>": 320,
  "<http://www.co-ode.org/ontologies/galen#hasNonPartitiveConnection>": 321,
  "<http://www.co-ode.org/ontologies/galen#hasCentralPeripheralSelector>": 322,
  "<http://www.co-ode.org/ontologies/galen#InverseTemporalModifierAttribute>": 323,
  "<http://www.co-ode.org/ontologies/galen#hasTransparency>": 324,
  "<http://www.co-ode.org/ontologies/galen#playsRelativeImportanceRole>": 325,
  "<http://www.co-ode.org/ontologies/galen#isDensityOf>": 326,
  "<http://www.co-ode.org/ontologies/galen#hasParity>": 327,
  "<http://www.co-ode.org/ontologies/galen#hasDevelopmentalStatus>": 328,
  "<http://www.co-ode.org/ontologies/galen#hasPigmentation>": 329,
  "<http://www.co-ode.org/ontologies/galen#hasInstructionStatus>": 330,
  "<http://www.co-ode.org/ontologies/galen#isDistributionOf>": 331,
  "<http://www.co-ode.org/ontologies/galen#hasSynchronicity>": 332,
  "<http://www.co-ode.org/ontologies/galen#isShapeOf>": 333,
  "<http://www.co-ode.org/ontologies/galen#isPositionedAnteriorTo>": 334,
  "<http://www.co-ode.org/ontologies/galen#isTextureOf>": 335,
  "<http://www.co-ode.org/ontologies/galen#hasEase>": 336,
  "<http://www.co-ode.org/ontologies/galen#hasNonCausalLinkTo>": 337,
  "<http://www.co-ode.org/ontologies/galen#hasGait>": 338,
  "<http://www.co-ode.org/ontologies/galen#hasReusability>": 339,
  "<http://www.co-ode.org/ontologies/galen#hasGreaterLesserSelector>": 340,
  "<http://www.co-ode.org/ontologies/galen#hasInstructionConditionalStatus>": 341,
  "<http://www.co-ode.org/ontologies/galen#isAcuityOf>": 342,
  "<http://www.co-ode.org/ontologies/galen#hasFrequency>": 343,
  "<http://www.co-ode.org/ontologies/galen#hasViability>": 344,
  "<http://www.co-ode.org/ontologies/galen#isEffectivenessOf>": 345,
  "<http://www.co-ode.org/ontologies/galen#hasPermanence>": 346,
  "<http://www.co-ode.org/ontologies/galen#hasVerticalDepth>": 347,
  "<http://www.co-ode.org/ontologies/galen#hasInSuspensionWithin>": 348,
  "<http://www.co-ode.org/ontologies/galen#isSeverityOf>": 349,
  "<http://www.co-ode.org/ontologies/galen#isAssociatedWith>": 350,
  "<http://www.co-ode.org/ontologies/galen#isPositionedMedialTo>": 351,
  "<http://www.co-ode.org/ontologies/galen#hasRange>": 352,
  "<http://www.co-ode.org/ontologies/galen#isPersonPerforming>": 353,
  "<http://www.co-ode.org/ontologies/galen#hasEtaConnection>": 354,
  "<http://www.co-ode.org/ontologies/galen#hasIndicationStatus>": 355,
  "<http://www.co-ode.org/ontologies/galen#isNonPartitiveConnectionOf>": 356,
  "<http://www.co-ode.org/ontologies/galen#isSpecificGoalOf>": 357,
  "<http://www.co-ode.org/ontologies/galen#hasAdjustability>": 358,
  "<http://www.co-ode.org/ontologies/galen#hasCausalLinkTo>": 359,
  "<http://www.co-ode.org/ontologies/galen#isSpecificSubprocessOf>": 360,
  "<http://www.co-ode.org/ontologies/galen#isPresenceAbsenceOf>": 361,
  "<http://www.co-ode.org/ontologies/galen#hasDiseaseAnalogy>": 362,
  "<http://www.co-ode.org/ontologies/galen#hasSexualMaturation>": 363,
  "<http://www.co-ode.org/ontologies/galen#hasToughness>": 364,
  "<http://www.co-ode.org/ontologies/galen#isSpecificComplicationOf>": 365,
  "<http://www.co-ode.org/ontologies/galen#hasSimpleComplexSelector>": 366,
  "<http://www.co-ode.org/ontologies/galen#hasBlindPouchDivision>": 367,
  "<http://www.co-ode.org/ontologies/galen#playsPathologicalRole>": 368,
  "<http://www.co-ode.org/ontologies/galen#actsSpecificallyAtLevel>": 369,
  "<http://www.co-ode.org/ontologies/galen#hasSpecificFunctionalComponent>": 370,
  "<http://www.co-ode.org/ontologies/galen#hasFormulationComplex>": 371,
  "<http://www.co-ode.org/ontologies/galen#isSignalAmplitudeOf>": 372,
  "<http://www.co-ode.org/ontologies/galen#hasGravidity>": 373,
  "<http://www.co-ode.org/ontologies/galen#hasBeneficialStatus>": 374,
  "<http://www.co-ode.org/ontologies/galen#hasSensitivity>": 375,
  "<http://www.co-ode.org/ontologies/galen#isGoalOf>": 376,
  "<http://www.co-ode.org/ontologies/galen#isAbsoluteStateOf>": 377,
  "<http://www.co-ode.org/ontologies/galen#hasAnaesthesia>": 378,
  "<http://www.co-ode.org/ontologies/galen#isDimensionOf>": 379,
  "<http://www.co-ode.org/ontologies/galen#hasExposureTo>": 380,
  "<http://www.co-ode.org/ontologies/galen#isSpecificProximityOf>": 381,
  "<http://www.co-ode.org/ontologies/galen#hasNumber>": 382,
  "<http://www.co-ode.org/ontologies/galen#hasProminence>": 383,
  "<http://www.co-ode.org/ontologies/galen#isSensitivityOf>": 384,
  "<http://www.co-ode.org/ontologies/galen#isExposedTo>": 385,
  "<http://www.co-ode.org/ontologies/galen#hasMalignancy>": 386,
  "<http://www.co-ode.org/ontologies/galen#hasMotionSmoothness>": 387,
  "<http://www.co-ode.org/ontologies/galen#isComplicationOf>": 388,
  "<http://www.co-ode.org/ontologies/galen#hasRevisionStatus>": 389,
  "<http://www.co-ode.org/ontologies/galen#hasParadoxicalStatus>": 390,
  "<http://www.co-ode.org/ontologies/galen#hasTexture>": 391,
  "<http://www.co-ode.org/ontologies/galen#hasSuddeness>": 392,
  "<http://www.co-ode.org/ontologies/galen#hasParallelToIt>": 393,
  "<http://www.co-ode.org/ontologies/galen#isSpecificPersonPerforming>": 394,
  "<http://www.co-ode.org/ontologies/galen#isThetaConnectionOf>": 395,
  "<http://www.co-ode.org/ontologies/galen#isDrugFeatureOf>": 396,
  "<http://www.co-ode.org/ontologies/galen#InverseLocativeAttribute>": 397,
  "<http://www.co-ode.org/ontologies/galen#isPositionedLeftOf>": 398,
  "<http://www.co-ode.org/ontologies/galen#hasSolidRegion>": 399,
  "<http://www.co-ode.org/ontologies/galen#hasArbitraryComponent>": 400,
  "<http://www.co-ode.org/ontologies/galen#isPositionedRightOf>": 401,
  "<http://www.co-ode.org/ontologies/galen#isPositionedDorsalTo>": 402,
  "<http://www.co-ode.org/ontologies/galen#isSolidRegionOf>": 403,
  "<http://www.co-ode.org/ontologies/galen#isHistologicalSourceOf>": 404,
  "<http://www.co-ode.org/ontologies/galen#isNameOf>": 405,
  "<http://www.co-ode.org/ontologies/galen#InverseStructuralSelectorAttribute>": 406,
  "<http://www.co-ode.org/ontologies/galen#isAddressOf>": 407,
  "<http://www.co-ode.org/ontologies/galen#InverseOrganismSelectorAttribute>": 408,
  "<http://www.co-ode.org/ontologies/galen#LinearDelimitingAttribute>": 409,
  "<http://www.co-ode.org/ontologies/galen#InverseStructuralPositionModifier>": 410,
  "<http://www.co-ode.org/ontologies/galen#InverseStructuralModifierAttribute>": 411,
  "<http://www.co-ode.org/ontologies/galen#isPhoneNumberOf>": 412,
  "<http://www.co-ode.org/ontologies/galen#InverseChemicalProcessAttribute>": 413,
  "<http://www.co-ode.org/ontologies/galen#isDirectionalSelectorOf>": 414,
  "<http://www.co-ode.org/ontologies/galen#hasHalfLife>": 415,
  "<http://www.co-ode.org/ontologies/galen#actsMultiplyOn>": 416,
  "<http://www.co-ode.org/ontologies/galen#isPositionalSelectorOf>": 417,
  "<http://www.co-ode.org/ontologies/galen#InverseSpecificationLevelAttribute>": 418,
  "<http://www.co-ode.org/ontologies/galen#InverseDomainAttribute>": 419,
  "<http://www.co-ode.org/ontologies/galen#coterminatesWith>": 420,
  "<http://www.co-ode.org/ontologies/galen#isAcceptedChosenConsequenceOf>": 421,
  "<http://www.co-ode.org/ontologies/galen#InverseTemporalAttribute>": 422,
  "<http://www.co-ode.org/ontologies/galen#hasMultipleSubprocess>": 423,
  "<http://www.co-ode.org/ontologies/galen#isMedialLateralPositionOf>": 424,
  "<http://www.co-ode.org/ontologies/galen#isAbsolutePositionOf>": 425,
  "<http://www.co-ode.org/ontologies/galen#isSuperiorInferiorPositionOf>": 426,
  "<http://www.co-ode.org/ontologies/galen#hasNotParallelToIt>": 427,
  "<http://www.co-ode.org/ontologies/galen#isBrandNameOf>": 428,
  "<http://www.co-ode.org/ontologies/galen#InverseAttribute>": 429,
  "<http://www.co-ode.org/ontologies/galen#InverseStructuralAppearanceModifier>": 430,
  "<http://www.co-ode.org/ontologies/galen#InverseModifierAttribute>": 431,
  "<http://www.co-ode.org/ontologies/galen#InverseStructuralFunctionModifier>": 432,
  "<http://www.co-ode.org/ontologies/galen#InverseApplicationAttribute>": 433,
  "<http://www.co-ode.org/ontologies/galen#isUpperLowerPositionOf>": 434,
  "<http://www.co-ode.org/ontologies/galen#InverseWrapperAttribute>": 435,
  "<http://www.co-ode.org/ontologies/galen#isProcessSpecificationLevelOf>": 436,
  "<http://www.co-ode.org/ontologies/galen#isAnteriorPosteriorPositionOf>": 437,
  "<http://www.co-ode.org/ontologies/galen#isProximityOf>": 438,
  "<http://www.co-ode.org/ontologies/galen#InverseStructuralAttribute>": 439,
  "<http://www.co-ode.org/ontologies/galen#InverseConstructiveAttribute>": 440,
  "<http://www.co-ode.org/ontologies/galen#isSpecificationLevelOf>": 441,
  "<http://www.co-ode.org/ontologies/galen#isLateralPositionOf>": 442,
  "<http://www.co-ode.org/ontologies/galen#isPositionedCaudalTo>": 443,
  "<http://www.co-ode.org/ontologies/galen#InverseRelativeSpatialPositionAttribute>": 444,
  "<http://www.co-ode.org/ontologies/galen#isDeltaPartitiveConnectionOf>": 445,
  "<http://www.co-ode.org/ontologies/galen#isSpecificallyAssociatedWith>": 446,
  "<http://www.co-ode.org/ontologies/galen#InverseDelimitingAttribute>": 447,
  "<http://www.co-ode.org/ontologies/galen#isSurgicalOpenClosednessOf>": 448,
  "<http://www.co-ode.org/ontologies/galen#VolitionalProcessModifier>": 449,
  "<http://www.co-ode.org/ontologies/galen#hasPosition>": 450,
  "<http://www.co-ode.org/ontologies/galen#hasPositionalSelector>": 451,
  "<http://www.co-ode.org/ontologies/galen#StructuralSelectorAttribute>": 452,
  "<http://www.co-ode.org/ontologies/galen#ModifierAttribute>": 453,
  "<http://www.co-ode.org/ontologies/galen#isSequenceOf>": 454,
  "<http://www.co-ode.org/ontologies/galen#ChemicalModifier>": 455,
  "<http://www.co-ode.org/ontologies/galen#isSurgicalExtentOf>": 456,
  "<http://www.co-ode.org/ontologies/galen#hasEventOccuringDuring>": 457,
  "<http://www.co-ode.org/ontologies/galen#isIntentionalityOf>": 458,
  "<http://www.co-ode.org/ontologies/galen#isUrgencyOf>": 459,
  "<http://www.co-ode.org/ontologies/galen#isAppropriatenessOf>": 460,
  "<http://www.co-ode.org/ontologies/galen#isIonisationFeatureOf>": 461,
  "<http://www.co-ode.org/ontologies/galen#InverseFeatureStateAttribute>": 462,
  "<http://www.co-ode.org/ontologies/galen#isComplianceOf>": 463,
  "<http://www.co-ode.org/ontologies/galen#isPossibilityOf>": 464,
  "<http://www.co-ode.org/ontologies/galen#UnitAttribute>": 465,
  "<http://www.co-ode.org/ontologies/galen#hasName>": 466,
  "<http://www.co-ode.org/ontologies/galen#isCorrisivenessOf>": 467,
  "<http://www.co-ode.org/ontologies/galen#hasBrandName>": 468,
  "<http://www.co-ode.org/ontologies/galen#RoleDesignatingAttribute>": 469,
  "<http://www.co-ode.org/ontologies/galen#CollectionAttribute>": 470,
  "<http://www.co-ode.org/ontologies/galen#QuantityAttribute>": 471,
  "<http://www.co-ode.org/ontologies/galen#isValencyOf>": 472,
  "<http://www.co-ode.org/ontologies/galen#hasDirectionalSelector>": 473,
  "<http://www.co-ode.org/ontologies/galen#FeatureStateAttribute>": 474,
  "<http://www.co-ode.org/ontologies/galen#InverseModalityAttribute>": 475,
  "<http://www.co-ode.org/ontologies/galen#SelectorAttribute>": 476,
  "<http://www.co-ode.org/ontologies/galen#InverseOrganismModifier>": 477,
  "<http://www.co-ode.org/ontologies/galen#hasState>": 478,
  "<http://www.co-ode.org/ontologies/galen#hasHistory>": 479,
  "<http://www.co-ode.org/ontologies/galen#ModalityAttribute>": 480,
  "<http://www.co-ode.org/ontologies/galen#InverseSubstanceModifierAttribute>": 481,
  "<http://www.co-ode.org/ontologies/galen#ExistentialModifierAttribute>": 482,
  "<http://www.co-ode.org/ontologies/galen#ClinicalRecordAttribute>": 483,
  "<http://www.co-ode.org/ontologies/galen#WrapperAttribute>": 484,
  "<http://www.co-ode.org/ontologies/galen#isShapeAnalagousTo>": 485,
  "<http://www.co-ode.org/ontologies/galen#hasApplicableHistory>": 486,
  "<http://www.co-ode.org/ontologies/galen#InverseProcessModifierAttribute>": 487,
  "<http://www.co-ode.org/ontologies/galen#InverseUncertaintyModifierAttribute>": 488,
  "<http://www.co-ode.org/ontologies/galen#hasVascularPulseVolume>": 489,
  "<http://www.co-ode.org/ontologies/galen#hasIntermittentSignalMorphology>": 490,
  "<http://www.co-ode.org/ontologies/galen#hasSignalDecayPhase>": 491,
  "<http://www.co-ode.org/ontologies/galen#isUsualReporterOf>": 492,
  "<http://www.co-ode.org/ontologies/galen#InverseClinicalRecordAttribute>": 493,
  "<http://www.co-ode.org/ontologies/galen#hasSignalAttackPhase>": 494,
  "<http://www.co-ode.org/ontologies/galen#isMultipleLocationOf>": 495,
  "<http://www.co-ode.org/ontologies/galen#isPrecedenceOf>": 496,
  "<http://www.co-ode.org/ontologies/galen#hasSpecificLateConsequence>": 497,
  "<http://www.co-ode.org/ontologies/galen#hasSignalPlateauPhase>": 498,
  "<http://www.co-ode.org/ontologies/galen#doesNotCharacterises>": 499,
  "<http://www.co-ode.org/ontologies/galen#characterises>": 500,
  "<http://www.co-ode.org/ontologies/galen#hasInsectLifeCycleStage>": 501,
  "<http://www.co-ode.org/ontologies/galen#isNotIngredientOf>": 502,
  "<http://www.co-ode.org/ontologies/galen#hasUniqueLateConsequence>": 503,
  "<http://www.co-ode.org/ontologies/galen#hasLateConsequence>": 504,
  "<http://www.co-ode.org/ontologies/galen#hasBodyPosition>": 505,
  "<http://www.co-ode.org/ontologies/galen#hasDiagnosis>": 506,
  "<http://www.co-ode.org/ontologies/galen#hasOrganismTolerance>": 507,
  "<http://www.co-ode.org/ontologies/galen#hasDependency>": 508,
  "<http://www.co-ode.org/ontologies/galen#isCommonFindingOf>": 509,
  "<http://www.co-ode.org/ontologies/galen#isNotChemicalSubgroupOf>": 510,
  "<http://www.co-ode.org/ontologies/galen#isIndicatedBy>": 511,
  "<http://www.co-ode.org/ontologies/galen#hasLevelOfHealth>": 512,
  "<http://www.co-ode.org/ontologies/galen#hasSex>": 513,
  "<http://www.co-ode.org/ontologies/galen#hasCapability>": 514,
  "<http://www.co-ode.org/ontologies/galen#isSpecificallyFollowedBy>": 515,
  "<http://www.co-ode.org/ontologies/galen#isIngredientOf>": 516,
  "<http://www.co-ode.org/ontologies/galen#isZetaConnectionOf>": 517,
  "<http://www.co-ode.org/ontologies/galen#hasGradeOfExperience>": 518,
  "<http://www.co-ode.org/ontologies/galen#hasArbitraryDiseaseStage>": 519,
  "<http://www.co-ode.org/ontologies/galen#hasDiseaseStage>": 520,
  "<http://www.co-ode.org/ontologies/galen#hasLifecycleDiseaseStage>": 521,
  "<http://www.co-ode.org/ontologies/galen#isDisplacementConnectionOf>": 522,
  "<http://www.co-ode.org/ontologies/galen#hasDiseaseProcessStage>": 523,
  "<http://www.co-ode.org/ontologies/galen#isCoplanarWith>": 524,
  "<http://www.co-ode.org/ontologies/galen#isParallelTo>": 525,
  "<http://www.co-ode.org/ontologies/galen#hasDiseaseSeverityStage>": 526,
  "<http://www.co-ode.org/ontologies/galen#isNotCharacterisedBy>": 527,
  "<http://www.co-ode.org/ontologies/galen#StructuralPartitiveAttribute>": 528,
  "<http://www.co-ode.org/ontologies/galen#isSignalMorphologyOf>": 529,
  "<http://www.co-ode.org/ontologies/galen#hasMultiplicity>": 530,
  "<http://www.co-ode.org/ontologies/galen#InverseCollectionAttribute>": 531,
  "<http://www.co-ode.org/ontologies/galen#isUniqueAssociatedDisplacementOf>": 532,
  "<http://www.co-ode.org/ontologies/galen#hasAssociation>": 533,
  "<http://www.co-ode.org/ontologies/galen#hasAcceptedChosenConsequence>": 534,
  "<http://www.co-ode.org/ontologies/galen#hasSpecificAnswer>": 535,
  "<http://www.co-ode.org/ontologies/galen#InverseProcessLocativeAttribute>": 536,
  "<http://www.co-ode.org/ontologies/galen#InverseVolitionalProcessModifier>": 537,
  "<http://www.co-ode.org/ontologies/galen#InverseStructuralLocativeAttribute>": 538,
  "<http://www.co-ode.org/ontologies/galen#isIntermittentSignalMorphologyOf>": 539,
  "<http://www.co-ode.org/ontologies/galen#hasHistologicalSource>": 540,
  "<http://www.co-ode.org/ontologies/galen#hasComponentOfComposite>": 541,
  "<http://www.co-ode.org/ontologies/galen#ApplicationAttribute>": 542,
  "<http://www.co-ode.org/ontologies/galen#Attribute>": 543,
  "<http://www.co-ode.org/ontologies/galen#hasCompliance>": 544,
  "<http://www.co-ode.org/ontologies/galen#DomainAttribute>": 545,
  "<http://www.co-ode.org/ontologies/galen#isProcessInvolvedIn>": 546,
  "<http://www.co-ode.org/ontologies/galen#InverseSelectorAttribute>": 547,
  "<http://www.co-ode.org/ontologies/galen#hasSpecificAssociation>": 548,
  "<http://www.co-ode.org/ontologies/galen#isMultipleSubprocessOf>": 549,
  "<http://www.co-ode.org/ontologies/galen#hasPossibility>": 550,
  "<http://www.co-ode.org/ontologies/galen#inverseProcessPartitiveAttribute>": 551,
  "<http://www.co-ode.org/ontologies/galen#InversePartitiveAttribute>": 552,
  "<http://www.co-ode.org/ontologies/galen#InverseProcessSelectorAttribute>": 553,
  "<http://www.co-ode.org/ontologies/galen#OrganismModifier>": 554,
  "<http://www.co-ode.org/ontologies/galen#isInsectLifeCycleStageOf>": 555,
  "<http://www.co-ode.org/ontologies/galen#isViabilityOf>": 556,
  "<http://www.co-ode.org/ontologies/galen#isDiagnosisFor>": 557,
  "<http://www.co-ode.org/ontologies/galen#isPathologicalRolePlayedBy>": 558,
  "<http://www.co-ode.org/ontologies/galen#InverseRoleDesignatingAttribute>": 559,
  "<http://www.co-ode.org/ontologies/galen#isMajorMinorSelectorOf>": 560,
  "<http://www.co-ode.org/ontologies/galen#isDependencyOf>": 561,
  "<http://www.co-ode.org/ontologies/galen#isClinicalSpecialityOf>": 562,
  "<http://www.co-ode.org/ontologies/galen#isHealthLevelOf>": 563,
  "<http://www.co-ode.org/ontologies/galen#isPhysiologicalRolePlayedBy>": 564,
  "<http://www.co-ode.org/ontologies/galen#isOrganismToleranceOf>": 565,
  "<http://www.co-ode.org/ontologies/galen#isPersonalityTypeOf>": 566,
  "<http://www.co-ode.org/ontologies/galen#InverseStructuralPartitiveAttribute>": 567,
  "<http://www.co-ode.org/ontologies/galen#isChemicalSubgroupOf>": 568,
  "<http://www.co-ode.org/ontologies/galen#hasPermeability>": 569,
  "<http://www.co-ode.org/ontologies/galen#hasNewDrugFeature>": 570,
  "<http://www.co-ode.org/ontologies/galen#hasAbsorbance>": 571,
  "<http://www.co-ode.org/ontologies/galen#hasStrainCapacity>": 572,
  "<http://www.co-ode.org/ontologies/galen#isConsultationRolePlayedBy>": 573,
  "<http://www.co-ode.org/ontologies/galen#isClinicalRolePlayedBy>": 574,
  "<http://www.co-ode.org/ontologies/galen#isSexualMaturationOf>": 575,
  "<http://www.co-ode.org/ontologies/galen#hasBioavailability>": 576,
  "<http://www.co-ode.org/ontologies/galen#hasImpedance>": 577,
  "<http://www.co-ode.org/ontologies/galen#isGravidityOf>": 578,
  "<http://www.co-ode.org/ontologies/galen#hasSpecificGravity>": 579,
  "<http://www.co-ode.org/ontologies/galen#isAnaesthesiaOf>": 580,
  "<http://www.co-ode.org/ontologies/galen#isParityOf>": 581,
  "<http://www.co-ode.org/ontologies/galen#hasSimpleFormulation>": 582,
  "<http://www.co-ode.org/ontologies/galen#isArbitraryComponentOf>": 583,
  "<http://www.co-ode.org/ontologies/galen#hasEnergyContent>": 584,
  "<http://www.co-ode.org/ontologies/galen#isGradeOfExperienceOf>": 585,
  "<http://www.co-ode.org/ontologies/galen#isSexOf>": 586,
  "<http://www.co-ode.org/ontologies/galen#InverseFunctionalAttribute>": 587,
  "<http://www.co-ode.org/ontologies/galen#isAgeOf>": 588,
  "<http://www.co-ode.org/ontologies/galen#hasPressure>": 589,
  "<http://www.co-ode.org/ontologies/galen#isArbitraryDiseaseStageOf>": 590,
  "<http://www.co-ode.org/ontologies/galen#isDiseaseStageOf>": 591,
  "<http://www.co-ode.org/ontologies/galen#isPositionedCephalicTo>": 592,
  "<http://www.co-ode.org/ontologies/galen#hasFormulationFeature>": 593,
  "<http://www.co-ode.org/ontologies/galen#isDiseaseProcessStageOf>": 594,
  "<http://www.co-ode.org/ontologies/galen#isNumericalRolePlayedBy>": 595,
  "<http://www.co-ode.org/ontologies/galen#hasReflectivity>": 596,
  "<http://www.co-ode.org/ontologies/galen#isSocialRolePlayedBy>": 597,
  "<http://www.co-ode.org/ontologies/galen#hasConcentration>": 598,
  "<http://www.co-ode.org/ontologies/galen#isDiseaseCourseStageOf>": 599,
  "<http://www.co-ode.org/ontologies/galen#isRelativeImportanceRolePlayedBy>": 600,
  "<http://www.co-ode.org/ontologies/galen#InverseChemicalModifier>": 601,
  "<http://www.co-ode.org/ontologies/galen#hasVolatility>": 602,
  "<http://www.co-ode.org/ontologies/galen#hasStressCapacity>": 603,
  "<http://www.co-ode.org/ontologies/galen#isIntrauterineBodyPositionOf>": 604,
  "<http://www.co-ode.org/ontologies/galen#hasThermalCapacity>": 605,
  "<http://www.co-ode.org/ontologies/galen#hasConductivity>": 606,
  "<http://www.co-ode.org/ontologies/galen#hasRefractance>": 607,
  "<http://www.co-ode.org/ontologies/galen#hasFlammability>": 608,
  "<http://www.co-ode.org/ontologies/galen#isDiseaseSeverityStageOf>": 609,
  "<http://www.co-ode.org/ontologies/galen#hasSpecificComplication>": 610,
  "<http://www.co-ode.org/ontologies/galen#isLifecycleDiseaseStageOf>": 611,
  "<http://www.co-ode.org/ontologies/galen#hasUniqueImmediateConsequence>": 612,
  "<http://www.co-ode.org/ontologies/galen#hasSpecificLateComplication>": 613,
  "<http://www.co-ode.org/ontologies/galen#ProcessLocativeAttribute>": 614,
  "<http://www.co-ode.org/ontologies/galen#isPositionOf>": 615,
  "<http://www.co-ode.org/ontologies/galen#isRefractanceOf>": 616,
  "<http://www.co-ode.org/ontologies/galen#SubstanceModifierAttribute>": 617,
  "<http://www.co-ode.org/ontologies/galen#isAbsorbanceOf>": 618,
  "<http://www.co-ode.org/ontologies/galen#isFormulationFeatureOf>": 619,
  "<http://www.co-ode.org/ontologies/galen#isTransparencyOf>": 620,
  "<http://www.co-ode.org/ontologies/galen#isNewDrugFeatureOf>": 621,
  "<http://www.co-ode.org/ontologies/galen#isSolubilityOf>": 622,
  "<http://www.co-ode.org/ontologies/galen#hasLicensingStatus>": 623,
  "<http://www.co-ode.org/ontologies/galen#isReflectivityOf>": 624,
  "<http://www.co-ode.org/ontologies/galen#hasClinicalSignificanceState>": 625,
  "<http://www.co-ode.org/ontologies/galen#isConductivityOf>": 626,
  "<http://www.co-ode.org/ontologies/galen#isRadioluscenceOf>": 627,
  "<http://www.co-ode.org/ontologies/galen#isSimpleFormulationOf>": 628,
  "<http://www.co-ode.org/ontologies/galen#isFlammabilityOf>": 629,
  "<http://www.co-ode.org/ontologies/galen#isTasteFeatureOf>": 630,
  "<http://www.co-ode.org/ontologies/galen#isStrainCapacityOf>": 631,
  "<http://www.co-ode.org/ontologies/galen#hasMaritalStatus>": 632,
  "<http://www.co-ode.org/ontologies/galen#hasAdequacyLevelStatus>": 633,
  "<http://www.co-ode.org/ontologies/galen#isStressCapacityOf>": 634,
  "<http://www.co-ode.org/ontologies/galen#isPhysicalStateOf>": 635,
  "<http://www.co-ode.org/ontologies/galen#isEnergyContentOf>": 636,
  "<http://www.co-ode.org/ontologies/galen#hasDefinitionLevelStatus>": 637,
  "<http://www.co-ode.org/ontologies/galen#isFormulationComplexOf>": 638,
  "<http://www.co-ode.org/ontologies/galen#hasSpecificationLevel>": 639,
  "<http://www.co-ode.org/ontologies/galen#SpecificationLevelAttribute>": 640,
  "<http://www.co-ode.org/ontologies/galen#isBioavailabilityOf>": 641,
  "<http://www.co-ode.org/ontologies/galen#hasParasympatheticSympathaticStatus>": 642,
  "<http://www.co-ode.org/ontologies/galen#InverseStatusAttribute>": 643,
  "<http://www.co-ode.org/ontologies/galen#hasAliveOrDeadStatus>": 644,
  "<http://www.co-ode.org/ontologies/galen#isTypeOfChemicalProcessOf>": 645,
  "<http://www.co-ode.org/ontologies/galen#ChemicalProcessModifierAttribute>": 646,
  "<http://www.co-ode.org/ontologies/galen#isChildhoodStatusOf>": 647,
  "<http://www.co-ode.org/ontologies/galen#isBeneficialStatus>": 648,
  "<http://www.co-ode.org/ontologies/galen#isSpecificGravityOf>": 649,
  "<http://www.co-ode.org/ontologies/galen#hasSurgicalPrimarySecondaryStatus>": 650,
  "<http://www.co-ode.org/ontologies/galen#isOverlappingStatusOf>": 651,
  "<http://www.co-ode.org/ontologies/galen#isCountabilityOf>": 652,
  "<http://www.co-ode.org/ontologies/galen#isMaritalStatusOf>": 653,
  "<http://www.co-ode.org/ontologies/galen#isThermalCapacityOf>": 654,
  "<http://www.co-ode.org/ontologies/galen#isPairedOrUnpairedOf>": 655,
  "<http://www.co-ode.org/ontologies/galen#hasSocialGroupRanking>": 656,
  "<http://www.co-ode.org/ontologies/galen#isMetastaticStatus>": 657,
  "<http://www.co-ode.org/ontologies/galen#isDonorOriginOf>": 658,
  "<http://www.co-ode.org/ontologies/galen#isInvestigationResultStatusOf>": 659,
  "<http://www.co-ode.org/ontologies/galen#hasChildhoodStatus>": 660,
  "<http://www.co-ode.org/ontologies/galen#isAbnormalityStatusOf>": 661,
  "<http://www.co-ode.org/ontologies/galen#isImpedanceOf>": 662,
  "<http://www.co-ode.org/ontologies/galen#isVolatiltyOf>": 663,
  "<http://www.co-ode.org/ontologies/galen#hasQuantitativePrecision>": 664,
  "<http://www.co-ode.org/ontologies/galen#InverseQuantityAttribute>": 665,
  "<http://www.co-ode.org/ontologies/galen#isAssertedDiseaseClassOf>": 666,
  "<http://www.co-ode.org/ontologies/galen#isHalfLifeOf>": 667,
  "<http://www.co-ode.org/ontologies/galen#isDiseaseMainlyCharacterisedBy>": 668,
  "<http://www.co-ode.org/ontologies/galen#isClinicalSignificanceStateOf>": 669,
  "<http://www.co-ode.org/ontologies/galen#isEctopicSupernumeraryStatusOf>": 670,
  "<http://www.co-ode.org/ontologies/galen#InverseUnitAttribute>": 671,
  "<http://www.co-ode.org/ontologies/galen#hasProcessSpecificationLevel>": 672,
  "<http://www.co-ode.org/ontologies/galen#isIntrinsicAbnormalityStatusOf>": 673,
  "<http://www.co-ode.org/ontologies/galen#isPathologicalStatusOf>": 674,
  "<http://www.co-ode.org/ontologies/galen#isLicensingStatusOf>": 675,
  "<http://www.co-ode.org/ontologies/galen#isAliveOrDeadStatusOf>": 676,
  "<http://www.co-ode.org/ontologies/galen#isParadoxicalStatusOf>": 677,
  "<http://www.co-ode.org/ontologies/galen#isNumberOf>": 678,
  "<http://www.co-ode.org/ontologies/galen#isRevisionStatusOf>": 679,
  "<http://www.co-ode.org/ontologies/galen#isIndicationStatusOf>": 680,
  "<http://www.co-ode.org/ontologies/galen#isQuantitativePrecisionOf>": 681,
  "<http://www.co-ode.org/ontologies/galen#hasLateralPosition>": 682,
  "<http://www.co-ode.org/ontologies/galen#hasAbsolutePosition>": 683,
  "<http://www.co-ode.org/ontologies/galen#isIntrinsicPathologicalStatusOf>": 684,
  "<http://www.co-ode.org/ontologies/galen#isGolfClubPhoneNumberOf>": 685,
  "<http://www.co-ode.org/ontologies/galen#isAdequacyLevelStatusOf>": 686,
  "<http://www.co-ode.org/ontologies/galen#hasSuperiorInferiorPosition>": 687,
  "<http://www.co-ode.org/ontologies/galen#isProminenceOf>": 688,
  "<http://www.co-ode.org/ontologies/galen#isAnteroRetrogradeSelectorOf>": 689,
  "<http://www.co-ode.org/ontologies/galen#isDefinitionLevelStatusOf>": 690,
  "<http://www.co-ode.org/ontologies/galen#isParasympatheticSympathaticStatusOf>": 691,
  "<http://www.co-ode.org/ontologies/galen#isActedOnMultiplyBy>": 692,
  "<http://www.co-ode.org/ontologies/galen#isInstructionStatusOf>": 693,
  "<http://www.co-ode.org/ontologies/galen#isSocialGroupRankingOf>": 694,
  "<http://www.co-ode.org/ontologies/galen#isSurgicalPrimarySecondaryStatusOf>": 695,
  "<http://www.co-ode.org/ontologies/galen#isKnowledgeStatusOf>": 696,
  "<http://www.co-ode.org/ontologies/galen#isFaxNumberOf>": 697,
  "<http://www.co-ode.org/ontologies/galen#isInstructionConditionalStatusOf>": 698,
  "<http://www.co-ode.org/ontologies/galen#isHomePhoneNumberOf>": 699,
  "<http://www.co-ode.org/ontologies/galen#isConfidenceLevelStatusOf>": 700,
  "<http://www.co-ode.org/ontologies/galen#DelimitingAttribute>": 701,
  "<http://www.co-ode.org/ontologies/galen#isTreatmentStatusOf>": 702,
  "<http://www.co-ode.org/ontologies/galen#hasUpperLowerPosition>": 703,
  "<http://www.co-ode.org/ontologies/galen#isSurfaceVisibilityOf>": 704,
  "<http://www.co-ode.org/ontologies/galen#isWorkPhoneNumberOf>": 705,
  "<http://www.co-ode.org/ontologies/galen#hasAnteriorPosteriorPosition>": 706,
  "<http://www.co-ode.org/ontologies/galen#isMobilePhoneNumberOf>": 707,
  "<http://www.co-ode.org/ontologies/galen#hasUniqueSubprocess>": 708,
  "<http://www.co-ode.org/ontologies/galen#hasMedialLateralPosition>": 709,
  "<http://www.co-ode.org/ontologies/galen#isLevelActedAtSpecificallyBy>": 710,
  "<http://www.co-ode.org/ontologies/galen#isSpecificallyTriggeredBy>": 711,
  "<http://www.co-ode.org/ontologies/galen#hasCoplanarWithIt>": 712,
  "<http://www.co-ode.org/ontologies/galen#isStartTimeOf>": 713,
  "<http://www.co-ode.org/ontologies/galen#TemporalModifierAttribute>": 714,
  "<http://www.co-ode.org/ontologies/galen#isChronicityOf>": 715,
  "<http://www.co-ode.org/ontologies/galen#isPermanenceOf>": 716,
  "<http://www.co-ode.org/ontologies/galen#InverseDiseaseProcessAttribute>": 717,
  "<http://www.co-ode.org/ontologies/galen#isDateOf>": 718,
  "<http://www.co-ode.org/ontologies/galen#hasOperability>": 719,
  "<http://www.co-ode.org/ontologies/galen#isTreatmentTractabilityOf>": 720,
  "<http://www.co-ode.org/ontologies/galen#DiseaseProcessModifierAttribute>": 721,
  "<http://www.co-ode.org/ontologies/galen#isImmediacyOf>": 722,
  "<http://www.co-ode.org/ontologies/galen#isClinicalAppearanceOf>": 723,
  "<http://www.co-ode.org/ontologies/galen#isTimeOfOccurrenceOf>": 724,
  "<http://www.co-ode.org/ontologies/galen#isGeneticZygocityOf>": 725,
  "<http://www.co-ode.org/ontologies/galen#isFinishTimeOf>": 726,
  "<http://www.co-ode.org/ontologies/galen#isUniqueLateConsequenceOf>": 727,
  "<http://www.co-ode.org/ontologies/galen#InverseExistentialModifierAttribute>": 728,
  "<http://www.co-ode.org/ontologies/galen#hasFractureType>": 729,
  "<http://www.co-ode.org/ontologies/galen#isOperabilityOf>": 730,
  "<http://www.co-ode.org/ontologies/galen#isAcquisitionModeOf>": 731,
  "<http://www.co-ode.org/ontologies/galen#isFormulationAtDeliveryOf>": 732,
  "<http://www.co-ode.org/ontologies/galen#isTimingAppropriatenessOf>": 733,
  "<http://www.co-ode.org/ontologies/galen#hasDiagnosisProbability>": 734,
  "<http://www.co-ode.org/ontologies/galen#isPredeliveryFormulation>": 735,
  "<http://www.co-ode.org/ontologies/galen#hasFractureStability>": 736,
  "<http://www.co-ode.org/ontologies/galen#isMalignancyOf>": 737,
  "<http://www.co-ode.org/ontologies/galen#isSpecificallyDeterminedBy>": 738,
  "<http://www.co-ode.org/ontologies/galen#isDiseaseAnalogyOf>": 739,
  "<http://www.co-ode.org/ontologies/galen#hasDeltaConnection>": 740,
  "<http://www.co-ode.org/ontologies/galen#isFractureTypeOf>": 741,
  "<http://www.co-ode.org/ontologies/galen#isProximalDistalSelectorOf>": 742,
  "<http://www.co-ode.org/ontologies/galen#isEaseOf>": 743,
  "<http://www.co-ode.org/ontologies/galen#isMedialLateralSelectorOf>": 744,
  "<http://www.co-ode.org/ontologies/galen#isDiagnosisProbabilityOf>": 745,
  "<http://www.co-ode.org/ontologies/galen#isDiseaseProcessExtentOf>": 746,
  "<http://www.co-ode.org/ontologies/galen#isSuperiorInferiorSelectorOf>": 747,
  "<http://www.co-ode.org/ontologies/galen#isBilateralUnilateralSelectorOf>": 748,
  "<http://www.co-ode.org/ontologies/galen#isUpperLowerSelectorOf>": 749,
  "<http://www.co-ode.org/ontologies/galen#ProcessSelectorAttribute>": 750,
  "<http://www.co-ode.org/ontologies/galen#isLeftRightSelectorOf>": 751,
  "<http://www.co-ode.org/ontologies/galen#hasZetaConnection>": 752,
  "<http://www.co-ode.org/ontologies/galen#isImageResolutionOf>": 753,
  "<http://www.co-ode.org/ontologies/galen#isGreaterLesserSelectorOf>": 754,
  "<http://www.co-ode.org/ontologies/galen#hasEpsilonConnection>": 755,
  "<http://www.co-ode.org/ontologies/galen#hasThetaConnection>": 756,
  "<http://www.co-ode.org/ontologies/galen#isSuperficialDeepSelectorOf>": 757,
  "<http://www.co-ode.org/ontologies/galen#isAngularMeasurementOf>": 758,
  "<http://www.co-ode.org/ontologies/galen#isOcclusalNonOcclusalSelectorOf>": 759,
  "<http://www.co-ode.org/ontologies/galen#isSimpleComplexSelectorOf>": 760,
  "<http://www.co-ode.org/ontologies/galen#isWidthOf>": 761,
  "<http://www.co-ode.org/ontologies/galen#hasAddress>": 762,
  "<http://www.co-ode.org/ontologies/galen#OrganismSelectorAttribute>": 763,
  "<http://www.co-ode.org/ontologies/galen#isDorsalVentralSelectorOf>": 764,
  "<http://www.co-ode.org/ontologies/galen#isAccelerationOf>": 765,
  "<http://www.co-ode.org/ontologies/galen#hasGammaConnection>": 766,
  "<http://www.co-ode.org/ontologies/galen#isInnerOuterSelectorOf>": 767,
  "<http://www.co-ode.org/ontologies/galen#hasDisplacementConnection>": 768,
  "<http://www.co-ode.org/ontologies/galen#isCircumferenceOf>": 769,
  "<http://www.co-ode.org/ontologies/galen#hasNotIngredient>": 770,
  "<http://www.co-ode.org/ontologies/galen#hasPhoneNumber>": 771,
  "<http://www.co-ode.org/ontologies/galen#isAnteriorPosteriorSelectorOf>": 772,
  "<http://www.co-ode.org/ontologies/galen#isVisceralParietalSelectorOf>": 773,
  "<http://www.co-ode.org/ontologies/galen#hasNotChemicalSubgroup>": 774,
  "<http://www.co-ode.org/ontologies/galen#isCentralPeripheralSelectorOf>": 775,
  "<http://www.co-ode.org/ontologies/galen#isInternalExternalSelectorOf>": 776,
  "<http://www.co-ode.org/ontologies/galen#hasPredeliveryFormulation>": 777,
  "<http://www.co-ode.org/ontologies/galen#isAreaOf>": 778,
  "<http://www.co-ode.org/ontologies/galen#hasFormulationAtDelivery>": 779,
  "<http://www.co-ode.org/ontologies/galen#RelativeSpatialPositionAttribute>": 780,
  "<http://www.co-ode.org/ontologies/galen#isPositionedVentralTo>": 781,
  "<http://www.co-ode.org/ontologies/galen#hasRequiredConsequence>": 782,
  "<http://www.co-ode.org/ontologies/galen#hasComplication>": 783,
  "<http://www.co-ode.org/ontologies/galen#StructuralAttribute>": 784,
  "<http://www.co-ode.org/ontologies/galen#hasEnactment>": 785,
  "<http://www.co-ode.org/ontologies/galen#isColinearWith>": 786,
  "<http://www.co-ode.org/ontologies/galen#isPassedThroughBy>": 787,
  "<http://www.co-ode.org/ontologies/galen#ProcessModifierAttribute>": 788,
  "<http://www.co-ode.org/ontologies/galen#isCompletenessOf>": 789,
  "<http://www.co-ode.org/ontologies/galen#isMotionSmoothnessOf>": 790,
  "<http://www.co-ode.org/ontologies/galen#hasHomePhoneNumber>": 791,
  "<http://www.co-ode.org/ontologies/galen#isSuddenessOf>": 792,
  "<http://www.co-ode.org/ontologies/galen#isDominanceOf>": 793,
  "<http://www.co-ode.org/ontologies/galen#isUniqueSubprocessOf>": 794,
  "<http://www.co-ode.org/ontologies/galen#hasSpecificity>": 795,
  "<http://www.co-ode.org/ontologies/galen#isSpontaneityOf>": 796,
  "<http://www.co-ode.org/ontologies/galen#isReversibilityOf>": 797,
  "<http://www.co-ode.org/ontologies/galen#hasAbstractDirection>": 798,
  "<http://www.co-ode.org/ontologies/galen#isPrevalenceOf>": 799,
  "<http://www.co-ode.org/ontologies/galen#hasIntensity>": 800,
  "<http://www.co-ode.org/ontologies/galen#isDirectionOf>": 801,
  "<http://www.co-ode.org/ontologies/galen#isDirectionOfTransportOf>": 802,
  "<http://www.co-ode.org/ontologies/galen#hasWorkPhoneNumber>": 803,
  "<http://www.co-ode.org/ontologies/galen#isGaitOf>": 804,
  "<http://www.co-ode.org/ontologies/galen#hasPrevalence>": 805,
  "<http://www.co-ode.org/ontologies/galen#isSpecificityOf>": 806,
  "<http://www.co-ode.org/ontologies/galen#isIntensityOf>": 807,
  "<http://www.co-ode.org/ontologies/galen#hasAcuity>": 808,
  "<http://www.co-ode.org/ontologies/galen#hasFaxNumber>": 809,
  "<http://www.co-ode.org/ontologies/galen#isStructuralExtentOf>": 810,
  "<http://www.co-ode.org/ontologies/galen#StructuralModifierAttribute>": 811,
  "<http://www.co-ode.org/ontologies/galen#hasGolfClubPhoneNumber>": 812,
  "<http://www.co-ode.org/ontologies/galen#hasMobilePhoneNumber>": 813,
  "<http://www.co-ode.org/ontologies/galen#isUnitOf>": 814,
  "<http://www.co-ode.org/ontologies/galen#hasEpithelialMorphology>": 815,
  "<http://www.co-ode.org/ontologies/galen#hasDenominatorUnit>": 816,
  "<http://www.co-ode.org/ontologies/galen#mainlyCharacterisesDisease>": 817,
  "<http://www.co-ode.org/ontologies/galen#hasStrength>": 818,
  "<http://www.co-ode.org/ontologies/galen#StructuralFunctionModifier>": 819,
  "<http://www.co-ode.org/ontologies/galen#hasNumeratorUnit>": 820,
  "<http://www.co-ode.org/ontologies/galen#hasSignalMorphology>": 821,
  "<http://www.co-ode.org/ontologies/galen#StructuralAppearanceModifier>": 822,
  "<http://www.co-ode.org/ontologies/galen#StructuralPositionModifier>": 823,
  "<http://www.co-ode.org/ontologies/galen#mainlyCharacterises>": 824,
  "<http://www.co-ode.org/ontologies/galen#ProcessPartitiveAttribute>": 825,
  "<http://www.co-ode.org/ontologies/galen#hasPsychotypicalSex>": 826,
  "<http://www.co-ode.org/ontologies/galen#isSterilityOf>": 827,
  "<http://www.co-ode.org/ontologies/galen#isMagnitudeOf>": 828,
  "<http://www.co-ode.org/ontologies/galen#ConstructiveAttribute>": 829,
  "<http://www.co-ode.org/ontologies/galen#isContextOfUseOf>": 830,
  "<http://www.co-ode.org/ontologies/galen#isComparisonWith>": 831,
  "<http://www.co-ode.org/ontologies/galen#isUsefulnessOf>": 832,
  "<http://www.co-ode.org/ontologies/galen#hasFrameOfReference>": 833,
  "<http://www.co-ode.org/ontologies/galen#hasSequence>": 834,
  "<http://www.co-ode.org/ontologies/galen#records>": 835,
  "<http://www.co-ode.org/ontologies/galen#isSterilisabilityOf>": 836,
  "<http://www.co-ode.org/ontologies/galen#hasSignalFrequency>": 837,
  "<http://www.co-ode.org/ontologies/galen#hasSoundTimbre>": 838,
  "<http://www.co-ode.org/ontologies/galen#isAdjustabilityOf>": 839,
  "<http://www.co-ode.org/ontologies/galen#isImplantabilityOf>": 840,
  "<http://www.co-ode.org/ontologies/galen#hasMultipleFunction>": 841,
  "<http://www.co-ode.org/ontologies/galen#isCoherenceOf>": 842,
  "<http://www.co-ode.org/ontologies/galen#isReusabilityOf>": 843,
  "<http://www.co-ode.org/ontologies/galen#isPowerSourceOf>": 844,
  "<http://www.co-ode.org/ontologies/galen#hasEmployer>": 845,
  "<http://www.co-ode.org/ontologies/galen#isSystemDefinedBy>": 846,
  "<http://www.co-ode.org/ontologies/galen#hasRelativeLevelState>": 847,
  "<http://www.co-ode.org/ontologies/galen#isRelativeLevelStateOf>": 848,
  "<http://www.co-ode.org/ontologies/galen#isStateOf>": 849,
  "<http://www.co-ode.org/ontologies/galen#isTrendInStateOf>": 850,
  "<http://www.co-ode.org/ontologies/galen#hasValency>": 851,
  "<http://www.co-ode.org/ontologies/galen#FunctionalAttribute>": 852,
  "<http://www.co-ode.org/ontologies/galen#hasReference>": 853,
  "<http://www.co-ode.org/ontologies/galen#isChangeInStateOf>": 854,
  "<http://www.co-ode.org/ontologies/galen#hasCorrosiveness>": 855,
  "<http://www.co-ode.org/ontologies/galen#definesSystem>": 856,
  "<http://www.co-ode.org/ontologies/galen#isExpectedLevelStateOf>": 857,
  "<http://www.co-ode.org/ontologies/galen#PartitiveAttribute>": 858,
  "<http://www.co-ode.org/ontologies/galen#isIndicationFor>": 859,
  "<http://www.co-ode.org/ontologies/galen#hasPrecedence>": 860,
  "<http://www.co-ode.org/ontologies/galen#isUniqueImmediateConsequenceOf>": 861,
  "<http://www.co-ode.org/ontologies/galen#isDenominatorUnitOf>": 862,
  "<http://www.co-ode.org/ontologies/galen#hasCommonFinding>": 863,
  "<http://www.co-ode.org/ontologies/galen#isNumeratorUnitOf>": 864,
  "<http://www.co-ode.org/ontologies/galen#isMultipleFunctionOf>": 865,
  "<http://www.co-ode.org/ontologies/galen#hasSymptom>": 866,
  "<http://www.co-ode.org/ontologies/galen#isMultipleIngredientOf>": 867,
  "<http://www.co-ode.org/ontologies/galen#UncertaintyModifierAttribute>": 868,
  "<http://www.co-ode.org/ontologies/galen#isSpecificIngredientOf>": 869,
  "<http://www.co-ode.org/ontologies/galen#hasConsistency>": 870,
  "<http://www.co-ode.org/ontologies/galen#hasCleanliness>": 871,
  "<http://www.co-ode.org/ontologies/galen#hasPercussiveResonance>": 872,
  "<http://www.co-ode.org/ontologies/galen#hasSpacing>": 873,
  "<http://www.co-ode.org/ontologies/galen#hasSharpness>": 874,
  "<http://www.co-ode.org/ontologies/galen#hasHairPattern>": 875,
  "<http://www.co-ode.org/ontologies/galen#hasConvergenceWith>": 876,
  "<http://www.co-ode.org/ontologies/galen#hasTumourMorphology>": 877,
  "<http://www.co-ode.org/ontologies/galen#isPsychotypicalSexOf>": 878,
  "<http://www.co-ode.org/ontologies/galen#hasOpacity>": 879,
  "<http://www.co-ode.org/ontologies/galen#isPhenotypicalSexOf>": 880,
  "<http://www.co-ode.org/ontologies/galen#hasDivergenceWith>": 881,
  "<http://www.co-ode.org/ontologies/galen#hasSterilisability>": 882,
  "<http://www.co-ode.org/ontologies/galen#hasClinicalVisibility>": 883,
  "<http://www.co-ode.org/ontologies/galen#hasSterility>": 884,
  "<http://www.co-ode.org/ontologies/galen#InverseLinearDelimitingAttribute>": 885,
  "<http://www.co-ode.org/ontologies/galen#hasMultipleIngredient>": 886,
  "<http://www.co-ode.org/ontologies/galen#isLongBoneFractureTypeOf>": 887,
  "<http://www.co-ode.org/ontologies/galen#specificallyTriggers>": 888,
  "<http://www.co-ode.org/ontologies/galen#isSkullFractureTypeOf>": 889,
  "<http://www.co-ode.org/ontologies/galen#StructuralLocativeAttribute>": 890,
  "<http://www.co-ode.org/ontologies/galen#hasSpecificIngredient>": 891,
  "<http://www.co-ode.org/ontologies/galen#isFractureStabilityOf>": 892,
  "<http://www.co-ode.org/ontologies/galen#isFractureComplexityOf>": 893,
  "<http://www.co-ode.org/ontologies/galen#isRelationshipToWhole>": 894,
  "<http://www.co-ode.org/ontologies/galen#hasEnergyAmount>": 895,
  "<http://www.co-ode.org/ontologies/galen#hasDensity>": 896,
  "<http://www.co-ode.org/ontologies/galen#hasWidth>": 897,
  "<http://www.co-ode.org/ontologies/galen#isCoterminusWith>": 898,
  "<http://www.co-ode.org/ontologies/galen#hasCircumference>": 899,
  "<http://www.co-ode.org/ontologies/galen#isSignalDecayPhaseOf>": 900,
  "<http://www.co-ode.org/ontologies/galen#hasArea>": 901,
  "<http://www.co-ode.org/ontologies/galen#hasCountConcentration>": 902,
  "<http://www.co-ode.org/ontologies/galen#isVascularPulseVolumeOf>": 903,
  "<http://www.co-ode.org/ontologies/galen#isSignalAttackPhaseOf>": 904,
  "<http://www.co-ode.org/ontologies/galen#isClinicalVisibilityOf>": 905,
  "<http://www.co-ode.org/ontologies/galen#isDevelopmentalStatusOf>": 906,
  "<http://www.co-ode.org/ontologies/galen#isSignalPlateauPhaseOf>": 907,
  "<http://www.co-ode.org/ontologies/galen#hasLength>": 908,
  "<http://www.co-ode.org/ontologies/galen#hasAngularMeasurement>": 909,
  "<http://www.co-ode.org/ontologies/galen#isSpecificImmediateComplicationOf>": 910,
  "<http://www.co-ode.org/ontologies/galen#hasAcceleration>": 911,
  "<http://www.co-ode.org/ontologies/galen#isHairPatternOf>": 912,
  "<http://www.co-ode.org/ontologies/galen#hasImageResolution>": 913,
  "<http://www.co-ode.org/ontologies/galen#hasEndPoint>": 914,
  "<http://www.co-ode.org/ontologies/galen#isPercussiveResonanceOf>": 915,
  "<http://www.co-ode.org/ontologies/galen#isPhysicalPresentationOf>": 916,
  "<http://www.co-ode.org/ontologies/galen#isPalpabilityOf>": 917,
  "<http://www.co-ode.org/ontologies/galen#hasDeltaPartitiveConnection>": 918,
  "<http://www.co-ode.org/ontologies/galen#isSharpnessOf>": 919,
  "<http://www.co-ode.org/ontologies/galen#hasStartPoint>": 920,
  "<http://www.co-ode.org/ontologies/galen#hasGammaPartitiveConnection>": 921,
  "<http://www.co-ode.org/ontologies/galen#isTopologyOf>": 922,
  "<http://www.co-ode.org/ontologies/galen#isTumourMorphologyOf>": 923,
  "<http://www.co-ode.org/ontologies/galen#isTumourHistologyOf>": 924,
  "<http://www.co-ode.org/ontologies/galen#isNodularityOf>": 925,
  "<http://www.co-ode.org/ontologies/galen#isSquintConcomitanceOf>": 926,
  "<http://www.co-ode.org/ontologies/galen#hasComparisonWith>": 927,
  "<http://www.co-ode.org/ontologies/galen#TemporalAttribute>": 928,
  "<http://www.co-ode.org/ontologies/galen#isPatencyOf>": 929,
  "<http://www.co-ode.org/ontologies/galen#isCleanlinessOf>": 930,
  "<http://www.co-ode.org/ontologies/galen#isOpacityOf>": 931,
  "<http://www.co-ode.org/ontologies/galen#isSpacingOf>": 932,
  "<http://www.co-ode.org/ontologies/galen#isSpecificLateComplicationOf>": 933,
  "<http://www.co-ode.org/ontologies/galen#hasStartTime>": 934,
  "<http://www.co-ode.org/ontologies/galen#isEpithelialMorphologyOf>": 935,
  "<http://www.co-ode.org/ontologies/galen#isRequiredConsequenceOf>": 936,
  "<http://www.co-ode.org/ontologies/galen#hasFinishTime>": 937,
  "<http://www.co-ode.org/ontologies/galen#hasDate>": 938,
  "<http://www.co-ode.org/ontologies/galen#isEndPointOf>": 939,
  "<http://www.co-ode.org/ontologies/galen#isHistoryApplyingTo>": 940,
  "<http://www.co-ode.org/ontologies/galen#OrdinalPositionOf>": 941,
  "<http://www.co-ode.org/ontologies/galen#isStartPointOf>": 942,
  "<http://www.co-ode.org/ontologies/galen#isEpithelialCiliationOf>": 943,
  "<http://www.co-ode.org/ontologies/galen#isRecordedOn>": 944,
  "<http://www.co-ode.org/ontologies/galen#specificallyFollows>": 945,
  "<http://www.co-ode.org/ontologies/galen#hasDisplacementTo>": 946,
  "<http://www.co-ode.org/ontologies/galen#hasEmployee>": 947,
  "<http://www.co-ode.org/ontologies/galen#hasDisplacementFrom>": 948,
  "<http://www.co-ode.org/ontologies/galen#isEpithelialLayeringOf>": 949,
  "<http://www.co-ode.org/ontologies/galen#isFrameOfReferenceOf>": 950
}